{"success":true,"terms":"https:\/\/currencylayer.com\/terms","privacy":"https:\/\/currencylayer.com\/privacy","timestamp":1723125544,"source":"USD","quotes":{"USDAED":3.67302,"USDAFN":70.782368,"USDALL":91.656638,"USDAMD":388.490453,"USDANG":1.802049,"USDAOA":878.070985,"USDARS":936.763899,"USDAUD":1.526123,"USDAWG":1.8,"USDAZN":1.689287,"USDBAM":1.789968,"USDBBD":2.003395,"USDBDT":117.485551,"USDBGN":1.790922,"USDBHD":0.376904,"USDBIF":2882.219161,"USDBMD":1,"USDBND":1.324743,"USDBOB":6.908796,"USDBRL":5.621979,"USDBSD":0.999867,"USDBTC":1.7468882e-5,"USDBTN":83.949206,"USDBWP":13.575857,"USDBYN":3.271785,"USDBYR":19600,"USDBZD":2.015476,"USDCAD":1.375385,"USDCDF":2870.000023,"USDCHF":0.86471,"USDCLF":0.034138,"USDCLP":941.940358,"USDCNY":7.175018,"USDCNH":7.178019,"USDCOP":4105.95,"USDCRC":528.53397,"USDCUC":1,"USDCUP":26.5,"USDCVE":100.915668,"USDCZK":23.189022,"USDDJF":178.050912,"USDDKK":6.85107,"USDDOP":59.561889,"USDDZD":134.749519,"USDEGP":49.249641,"USDERN":15,"USDETB":99.06934,"USDEUR":0.91815,"USDFJD":2.2503,"USDFKP":0.77056,"USDGBP":0.787301,"USDGEL":2.704999,"USDGGP":0.77056,"USDGHS":15.587577,"USDGIP":0.77056,"USDGMD":69.5159,"USDGNF":8617.620545,"USDGTQ":7.749086,"USDGYD":209.249862,"USDHKD":7.795955,"USDHNL":24.75827,"USDHRK":6.90795,"USDHTG":131.634703,"USDHUF":364.077985,"USDIDR":15963,"USDILS":3.789105,"USDIMP":0.77056,"USDINR":83.97835,"USDIQD":1309.849036,"USDIRR":42092.478011,"USDISK":138.73995,"USDJEP":0.77056,"USDJMD":156.693162,"USDJOD":0.7088,"USDJPY":147.127957,"USDKES":129.250165,"USDKGS":85.153702,"USDKHR":4104.643235,"USDKMF":450.750027,"USDKPW":900.00035,"USDKRW":1378.610022,"USDKWD":0.30629,"USDKYD":0.833276,"USDKZT":477.254735,"USDLAK":22165.073467,"USDLBP":89538.513634,"USDLKR":300.976072,"USDLRD":195.419498,"USDLSL":18.42172,"USDLTL":2.95274,"USDLVL":0.60489,"USDLYD":4.811261,"USDMAD":9.842263,"USDMDL":17.677718,"USDMGA":4546.76496,"USDMKD":56.526991,"USDMMK":3247.960992,"USDMNT":3450.000346,"USDMOP":8.025607,"USDMRU":39.655149,"USDMUR":46.299938,"USDMVR":15.409832,"USDMWK":1733.834249,"USDMXN":19.19655,"USDMYR":4.474975,"USDMZN":63.899991,"USDNAD":18.42172,"USDNGN":1598.950104,"USDNIO":36.80976,"USDNOK":10.86911,"USDNPR":134.319015,"USDNZD":1.671385,"USDOMR":0.384918,"USDPAB":0.999849,"USDPEN":3.738726,"USDPGK":3.935404,"USDPHP":57.487011,"USDPKR":278.59442,"USDPLN":3.971339,"USDPYG":7566.959076,"USDQAR":3.637412,"USDRON":4.570097,"USDRSD":107.439015,"USDRUB":86.649589,"USDRWF":1316.322935,"USDSAR":3.752998,"USDSBD":8.512025,"USDSCR":13.528209,"USDSDG":601.49917,"USDSEK":10.5638,"USDSGD":1.32656,"USDSHP":0.77056,"USDSLE":22.847303,"USDSLL":20969.503664,"USDSOS":571.446875,"USDSRD":28.844995,"USDSTD":20697.981008,"USDSVC":8.749411,"USDSYP":2512.53037,"USDSZL":18.416778,"USDTHB":35.355996,"USDTJS":10.52871,"USDTMT":3.5,"USDTND":3.072636,"USDTOP":2.377199,"USDTRY":33.481699,"USDTTD":6.782624,"USDTWD":32.495501,"USDTZS":2694.695994,"USDUAH":41.055512,"USDUGX":3729.482128,"USDUYU":40.50721,"USDUZS":12639.054771,"USDVEF":3622552.534434,"USDVES":36.636144,"USDVND":25144,"USDVUV":118.722038,"USDWST":2.803608,"USDXAF":600.327639,"USDXAG":0.036753,"USDXAU":0.000414,"USDXCD":2.70255,"USDXDR":0.752486,"USDXOF":600.338628,"USDXPF":109.147985,"USDYER":250.349592,"USDZAR":18.37155,"USDZMK":9001.200902,"USDZMW":26.072035,"USDZWL":321.999592}}